lon,lat
-124.80909,49.25948
-124.43874,49.34689
-124.43874,49.34708
-124.29885,49.31611
-124.10641,43.96662
-124.10184,40.48658
-124.08891,40.85672
-124.05447,44.63326
-123.99383,49.1868
-123.99252,40.87892
-123.96184,45.88869
-123.9314,49.1419
-123.84637,45.45816
-123.80485,39.45167
-123.69245,48.76457
-123.50401,48.77901
-123.50019,48.46487
-123.4746,39.08572
-123.43358,48.45233
-123.40795,48.5654
-123.39669,48.43639
-123.38521,48.42912
-123.37544,48.43521
-123.37361,48.4371
-123.36761,44.54027
-123.36138,44.53931
-123.33468,49.37948
-123.29768,44.31642
-123.28909,48.84854
-123.26908,44.53038
-123.26157,48.77531
-123.26088,44.56123
-123.25901,44.56487
-123.17556,46.19299
-123.16222,48.60311
-123.14186,49.17287
-123.14136,49.26869
-123.14107,47.40497
-123.13575,49.27062
-123.13458,49.27041
-123.13243,49.27577
-123.13132,49.26952
-123.12102,49.27544
-123.10998,49.26647
-123.10449,49.26866
-123.10327,49.26944
-123.1026,49.32331
-123.10079,47.21126
-123.09822,44.63919
-123.09543,49.28421
-123.09531,49.12336
-123.09277,49.31707
-123.08515,49.28127
-123.08157,49.20988
-123.07923,49.27025
-123.07795,49.31129
-123.07528,49.30947
-123.0734,49.30871
-123.06722,49.28418
-123.05521,44.94646
-123.0526,44.94984
-123.04085,44.94195
-123.03393,49.31007
-123.0334,49.30858
-123.03326,49.30811
-123.02724,49.13617
-123.01999,44.91606
-123.01168,44.91976
-123.01119,44.91714
-123.01084,44.91741
-123.00137,46.73521
-122.9689,49.21554
-122.9443,40.73579
-122.93399,47.0257
-122.92731,49.20213
-122.92215,49.25597
-122.90821,46.27527
-122.90662,48.69564
-122.89872,47.04308
-122.89429,42.33998
-122.88564,46.97111
-122.88501,46.97083
-122.88474,46.97062
-122.86316,38.60632
-122.86198,49.14777
-122.85326,49.27864
-122.8496,49.27855
-122.84931,49.27866
-122.84871,49.27854
-122.8484,49.27854
-122.83852,38.97774
-122.82814,45.84475
-122.8218,38.40456
-122.82127,38.40364
-122.8198,38.40389
-122.80974,49.2773
-122.80339,45.48781
-122.8025,49.02946
-122.80226,49.02837
-122.80197,49.02944
-122.79989,38.53199
-122.79965,45.06908
-122.79726,45.37098
-122.78461,38.52815
-122.7619,45.58892
-122.74457,38.47165
-122.73338,49.25308
-122.73284,49.25124
-122.72179,38.40801
-122.69896,45.5346
-122.69879,45.52944
-122.69652,45.53398
-122.68673,47.66219
-122.6859,48.21098
-122.67825,49.11858
-122.66652,49.16299
-122.66511,49.11857
-122.66445,38.27062
-122.66347,49.11626
-122.66069,48.28747
-122.65759,45.51235
-122.65373,47.57065
-122.65197,49.10507
-122.65005,47.78362
-122.64817,45.48776
-122.6467,47.73674
-122.63834,45.52237
-122.63265,49.23413
-122.59117,49.22085
-122.58998,48.84639
-122.58948,49.21997
-122.58759,47.32119
-122.58408,37.9859
-122.5811,47.32944
-122.57932,38.57697
-122.57799,38.57973
-122.56837,45.48092
-122.55942,49.14619
-122.54063,37.97433
-122.53583,38.07335
-122.52941,47.2413
-122.52903,37.97334
-122.52531,47.64829
-122.50484,37.75285
-122.50307,49.06101
-122.49227,37.64259
-122.48893,37.50407
-122.48791,37.50451
-122.48641,48.76426
-122.48512,48.75333
-122.48313,37.50444
-122.48209,48.74731
-122.4788,48.75023
-122.47756,38.29467
-122.47418,48.75426
-122.47031,47.45349
-122.46812,48.75848
-122.439,47.24257
-122.43745,47.24243
-122.43533,47.30096
-122.42214,38.24552
-122.41399,37.76013
-122.40315,37.74044
-122.40311,37.74043
-122.39709,37.77647
-122.39352,37.72292
-122.3903,47.66059
-122.39015,37.75154
-122.38844,37.76116
-122.3869,37.76874
-122.38463,47.81031
-122.38396,37.75877
-122.38371,47.65622
-122.38328,49.05637
-122.38077,49.0492
-122.37581,37.91746
-122.37456,47.63083
-122.37386,47.66732
-122.37311,45.58173
-122.3728,47.6623
-122.37119,47.66661
-122.371,47.66589
-122.36912,47.66486
-122.36646,47.66234
-122.35508,47.69182
-122.35507,47.69206
-122.34299,47.64996
-122.33973,47.60601
-122.33779,47.56044
-122.33459,47.57661
-122.33398,47.60018
-122.31672,47.61803
-122.31479,47.54766
-122.30941,37.78666
-122.29996,37.89418
-122.29985,37.87948
-122.29868,37.78323
-122.29434,47.6629
-122.29356,47.2379
-122.29144,37.85762
-122.29092,37.84715
-122.2888,37.81878
-122.28553,37.81672
-122.28486,38.29872
-122.28434,47.55604
-122.28423,37.81426
-122.28365,37.82012
-122.27814,37.79901
-122.27719,47.55075
-122.27569,46.55629
-122.27452,47.89746
-122.27416,37.79584
-122.27231,37.84876
-122.27216,37.84876
-122.27199,37.79452
-122.2715,37.79604
-122.26875,37.87342
-122.26768,37.86979
-122.26549,37.52124
-122.26485,37.81296
-122.24781,47.45393
-122.23888,37.76847
-122.22468,47.41157
-122.22015,47.91107
-122.21469,47.98089
-122.20561,47.48013
-122.18695,37.4783
-122.18657,49.05574
-122.1792,37.71478
-122.17745,37.71141
-122.15778,47.74284
-122.15609,47.73722
-122.15558,47.73695
-122.15543,47.48872
-122.15461,37.72345
-122.14466,47.68555
-122.14297,47.73467
-122.11076,37.89354
-122.09748,47.91178
-122.09673,47.92444
-122.04902,36.9596
-122.04785,36.95908
-122.03358,37.25753
-122.03048,36.98249
-122.02126,47.36499
-122.01039,47.32606
-122.00753,36.98152
-121.99171,49.118
-121.99007,47.2036
-121.98773,47.20444
-121.98554,47.74352
-121.96583,36.9857
-121.96471,36.96656
-121.95487,37.50278
-121.94954,36.98324
-121.93499,36.61529
-121.92043,36.55391
-121.8935,37.335
-121.89001,37.33508
-121.88582,37.32931
-121.87454,37.663
-121.87329,37.31725
-121.87215,37.29897
-121.87097,47.52843
-121.85788,37.31023
-121.81757,39.71469
-121.81246,37.69865
-121.79299,36.95014
-121.76621,45.30304
-121.73966,38.54458
-121.73112,38.54482
-121.72024,37.67681
-121.62987,36.64897
-121.5519,44.29117
-121.54337,38.56609
-121.52262,45.71166
-121.51797,45.71475
-121.51424,38.57466
-121.51423,45.71463
-121.51357,45.70907
-121.50113,38.56443
-121.4853,45.7273
-121.4842,38.57521
-121.4811,38.57311
-121.43346,38.56596
-121.35908,44.16028
-121.33015,44.05082
-121.29346,44.08874
-121.29245,38.89302
-121.29183,44.04604
-121.28836,44.03725
-121.28538,44.08898
-121.26632,38.59736
-121.26288,38.59797
-121.26099,38.5819
-121.25832,38.60924
-121.01425,38.88634
-120.9935,47.22338
-120.94878,39.93687
-120.69688,35.57345
-120.67051,35.24316
-120.66873,35.48979
-120.66472,35.27933
-120.66319,35.27771
-120.65567,35.28579
-120.64592,35.24409
-120.64494,35.25965
-120.64057,35.14196
-120.61405,39.78446
-120.57979,35.12303
-120.50493,46.60284
-120.45745,34.64198
-120.38318,37.9849
-120.32006,38.01186
-120.20265,34.61062
-120.01462,46.32396
-119.98619,38.92512
-119.82583,34.43474
-119.80952,39.53102
-119.8075,39.51421
-119.80219,39.5334
-119.78118,38.96266
-119.70317,34.42325
-119.69731,34.41794
-119.6907,34.4147
-119.59447,49.48297
-119.5939,49.4998
-119.55513,36.80907
-119.52523,49.2451
-119.52163,34.39523
-119.51801,34.39838
-119.29074,34.27576
-119.23851,34.27421
-119.18723,46.27662
-119.12765,34.20836
-119.06323,35.43131
-119.04356,34.21681
-119.03728,34.21648
-119.0191,34.21683
-118.98552,37.65067
-118.87066,34.28309
-118.80367,34.15404
-118.47676,34.02549
-118.41261,33.91828
-118.37462,33.96029
-118.35611,33.8659
-118.34687,34.206
-118.34189,34.02576
-118.33929,33.84315
-118.33786,33.84314
-118.33228,33.91492
-118.32404,33.84148
-118.31977,33.80305
-118.31602,33.83571
-118.31368,33.84708
-118.3115,33.84172
-118.31019,33.84658
-118.28427,33.73864
-118.27615,33.86191
-118.26192,34.13016
-118.24205,34.04601
-118.23529,34.04468
-118.23322,34.0509
-118.19044,33.7707
-118.18962,33.77018
-118.18908,33.82653
-118.17787,33.80397
-118.16637,33.82379
-118.14097,34.61593
-118.04568,33.89531
-118.00457,34.1418
-117.95273,34.0199
-117.6131,33.42744
-117.60935,33.63645
-117.60696,33.45177
-117.60562,33.44928
-117.59855,33.45322
-117.59618,33.55238
-117.44729,33.90975
-117.42584,47.67522
-117.41007,47.65367
-117.39432,47.66283
-117.39419,47.66301
-117.34335,47.68223
-117.2945,49.49162
-117.27388,33.13868
-117.27382,33.14034
-117.26495,32.95945
-117.25196,32.74722
-117.25154,33.3827
-117.25036,32.74792
-117.24948,32.74535
-117.2472,47.67497
-117.24489,32.75069
-117.2424,33.20245
-117.24188,33.20282
-117.23708,34.07065
-117.23472,33.13562
-117.22891,33.14495
-117.22746,33.14033
-117.21859,34.0615
-117.21153,32.74042
-117.20622,32.75419
-117.1993,33.09874
-117.19531,32.76675
-117.1938,33.14338
-117.19368,34.24998
-117.19255,33.14276
-117.17151,32.88396
-117.16995,46.72574
-117.16968,32.72767
-117.16875,32.72529
-117.16016,32.73535
-117.15988,32.71662
-117.15955,32.88791
-117.15724,32.71202
-117.15345,32.70955
-117.15244,32.70925
-117.15156,32.70709
-117.14964,32.88817
-117.14698,32.76839
-117.14138,32.70194
-117.13979,32.69812
-117.13927,32.83066
-117.13208,32.58072
-117.13042,32.76003
-117.13007,32.72171
-117.12988,32.75237
-117.12937,32.72979
-117.11096,32.89858
-117.11071,32.90325
-117.10759,32.76309
-117.09318,32.66481
-117.08065,32.64266
-117.08049,32.6433
-117.08031,32.64279
-117.08022,32.64159
-117.03763,32.53389
-117.03762,32.53382
-117.03755,32.53374
-117.03726,32.53234
-117.03647,32.53264
-117.03622,32.53041
-117.0362,32.53029
-117.02088,32.52232
-116.99248,32.5087
-116.99053,32.50638
-116.98077,32.50373
-116.96811,32.73042
-116.96268,32.79544
-116.77968,47.69128
-116.71282,33.74327
-116.6593,31.96789
-116.5546,48.27473
-116.5499,48.2763
-116.54939,48.27327
-116.54907,48.27692
-116.34911,43.59449
-116.29714,43.65489
-116.23629,43.62232
-116.20309,43.61184
-115.92318,47.47149
-115.16947,36.10891
-115.15434,36.15302
-115.15352,36.17658
-115.1535,36.17679
-115.07121,32.55168
-115.01853,36.05394
-114.98415,36.03405
-114.6182,32.72292
-112.46071,34.54723
-112.44923,42.86108
-112.25909,33.56186
-112.08123,33.46536
-111.99991,28.85408
-111.99667,33.43752
-111.99443,28.85283
-111.98289,28.84922
-111.96509,33.35671
-111.96249,33.3211
-111.95131,33.42936
-111.95129,33.42938
-111.92925,33.49516
-111.92303,33.82403
-111.90857,40.75438
-111.90425,40.76583
-111.90087,40.73011
-111.89557,33.42517
-111.89496,40.72249
-111.89322,40.72212
-111.89011,40.73651
-111.85756,41.74399
-111.79613,34.86634
-111.79263,33.32995
-111.7878,33.28528
-111.68565,33.27976
-111.67684,33.39242
-111.66964,33.31066
-111.65245,35.19693
-111.64965,35.19946
-111.64858,35.19644
-111.43631,38.2998
-111.03853,43.16497
-110.97802,29.09652
-110.96796,32.22131
-110.96138,29.07587
-110.94796,29.09619
-108.47379,39.03636
-108.46541,39.04098
-108.45855,39.03719
-108.43102,39.09121
-108.39014,39.10783
-108.39006,39.10397
-108.38817,39.09197
-108.38475,39.10464
-108.36542,39.10673
-108.36449,39.11764
-108.36064,39.11445
-108.36039,39.1154
-108.3268,38.96531
-108.29552,37.34702
-108.28266,37.34824
-108.14271,25.36833
-108.0567,25.07802
-108.05643,25.07865
-108.05605,25.0771
-108.05272,25.08209
-108.03625,38.60657
-107.99752,38.60608
-107.94958,38.88942
-107.93047,38.88765
-107.92879,38.90006
-107.926,38.90058
-107.92494,38.89853
-107.91513,38.91324
-107.9023,38.93049
-107.87707,38.47891
-107.86919,38.84287
-107.85289,38.84104
-107.78018,38.83707
-107.70683,24.81227
-107.41639,24.8165
-107.33713,24.80522
-107.33688,24.8051
-107.33544,24.80248
-107.33297,24.79992
-107.32502,39.54583
-107.32305,39.5476
-107.31978,39.51579
-107.22375,39.41084
-107.21311,39.40067
-107.20801,39.40033
-107.03883,39.64524
-106.98689,38.8696
-106.98681,38.86989
-106.98458,38.86683
-106.92713,38.54481
-106.85813,40.51071
-106.85298,40.49029
-106.8396,39.65289
-106.83718,40.48652
-106.83072,39.64141
-106.82864,39.65543
-106.82034,39.19026
-106.82019,39.19028
-106.77887,32.31004
-106.67494,32.04917
-106.67371,39.75041
-106.65477,35.20396
-106.65435,35.08402
-106.65345,35.12177
-106.64713,35.09253
-106.64673,35.11202
-106.64465,35.08235
-106.63612,35.16651
-106.6352,35.16633
-106.58923,39.64855
-106.57571,35.1842
-106.5349,35.11741
-106.53004,35.13007
-106.48149,31.76224
-106.46741,39.61972
-106.37783,39.643
-106.3737,39.6413
-106.37323,39.63988
-106.29131,39.2493
-106.16913,38.53497
-106.12961,38.84249
-106.06035,39.62758
-106.0534,39.51479
-106.05226,39.50965
-106.05124,35.59658
-106.05109,35.59616
-106.04651,39.48077
-106.04643,39.6281
-106.04641,39.48478
-106.02918,38.52202
-106.02061,38.54896
-105.99606,35.65551
-105.99053,38.53599
-105.96505,35.66508
-105.94495,35.68205
-105.94392,35.68939
-105.94122,35.6741
-105.94035,35.68739
-105.88,35.48085
-105.78402,39.918
-105.69736,39.70578
-105.6757,33.33265
-105.67225,33.33183
-105.67222,33.33181
-105.52613,40.37149
-105.2793,40.06303
-105.27907,40.06287
-105.27522,40.01901
-105.24369,40.02627
-105.2428,40.02583
-105.24144,40.0258
-105.23776,40.02375
-105.23763,40.02325
-105.2351,39.7687
-105.22863,40.01851
-105.22581,40.01622
-105.22275,38.44724
-105.21976,39.75646
-105.21485,40.0648
-105.2059,40.06013
-105.20522,39.70325
-105.20247,40.07392
-105.19701,39.723
-105.1945,38.41725
-105.18,39.73466
-105.16842,40.09986
-105.16361,39.95615
-105.15505,38.9444
-105.14429,39.7463
-105.132,39.97822
-105.13156,40.01295
-105.13106,39.57517
-105.12854,39.97612
-105.12288,40.13919
-105.12204,40.13908
-105.11844,38.38858
-105.1158,40.15857
-105.11538,40.57277
-105.1145,40.4079
-105.11029,39.7552
-105.10921,40.15423
-105.10841,40.40826
-105.10763,40.15801
-105.10461,40.16558
-105.10459,40.16517
-105.10357,39.99975
-105.09931,39.6091
-105.09863,39.90649
-105.09021,39.99089
-105.08788,39.99836
-105.08305,39.89317
-105.08281,39.89328
-105.0818,39.77573
-105.08019,40.53135
-105.0793,40.54978
-105.07889,40.30505
-105.07746,40.58439
-105.07742,40.39538
-105.07695,39.90928
-105.07643,40.58896
-105.07548,40.53973
-105.07539,40.4076
-105.07526,40.39666
-105.07511,40.39665
-105.07456,40.58899
-105.07279,40.5906
-105.07264,40.59013
-105.07126,40.3973
-105.06522,39.85864
-105.06416,40.40455
-105.0598,40.55179
-105.05606,40.04592
-105.04775,40.04911
-105.04506,39.75823
-105.04489,39.76961
-105.04422,40.58012
-105.04382,39.77606
-105.04354,39.77885
-105.03493,39.74002
-105.03485,39.7631
-105.03459,39.62297
-105.03401,39.549
-105.02464,39.5938
-105.02452,39.61257
-105.02436,39.74741
-105.02112,40.52257
-105.02036,39.75105
-105.01964,39.61306
-105.01948,39.71901
-105.01843,39.81238
-105.01806,39.72084
-105.01655,39.72343
-105.01521,39.73724
-105.01491,39.93059
-105.01347,39.7324
-105.01104,39.76731
-105.01047,39.65287
-105.00753,39.75801
-105.00732,39.75827
-105.0045,39.78061
-105.0038,39.6491
-105.00321,39.77033
-105.00207,39.7702
-105.00083,39.77694
-105.00061,39.72369
-105.00055,39.72347
-104.99939,39.73063
-104.99904,39.77318
-104.9989,39.71802
-104.99421,39.75336
-104.99147,39.75225
-104.98778,39.68868
-104.98765,39.73461
-104.98735,39.71218
-104.98723,39.6934
-104.9872,39.69336
-104.98702,39.72143
-104.98579,39.72932
-104.98467,39.72745
-104.98402,39.76285
-104.98341,39.75352
-104.98251,39.76053
-104.98199,40.43716
-104.98171,40.52898
-104.9812,39.76159
-104.98042,39.73987
-104.98012,39.76488
-104.97988,39.7702
-104.97964,39.76844
-104.97961,39.76842
-104.97848,39.77288
-104.97715,39.82936
-104.97712,39.76735
-104.97704,39.75522
-104.97672,39.81224
-104.97639,39.8081
-104.97505,39.74029
-104.97371,39.76702
-104.97061,39.74305
-104.97046,39.34806
-104.96819,39.74306
-104.96335,39.8988
-104.96274,39.74341
-104.95996,39.73966
-104.95779,39.76983
-104.95774,39.76989
-104.94548,39.73975
-104.93971,39.56683
-104.93596,40.48015
-104.93123,39.77395
-104.90594,39.76959
-104.90095,39.42688
-104.89298,39.56247
-104.87696,39.59467
-104.86884,39.09273
-104.86438,38.84731
-104.86022,38.8459
-104.86015,39.09546
-104.85789,38.84211
-104.85115,38.81616
-104.83742,38.83303
-104.82738,38.81115
-104.82373,38.82601
-104.82253,38.87158
-104.81884,38.83251
-104.81555,38.7753
-104.81003,39.5822
-104.80976,38.86325
-104.78234,38.90884
-104.78101,37.62464
-104.77596,39.19492
-104.77503,39.5222
-104.77297,39.54489
-104.77025,39.52702
-104.76331,39.51722
-104.75969,38.98397
-104.75565,38.87989
-104.7417,38.83737
-104.73765,38.8465
-104.71817,38.85497
-104.71645,38.84127
-104.71352,38.8896
-104.71154,40.52784
-104.70827,39.60441
-104.70691,38.9994
-104.70436,38.32119
-104.70147,39.01255
-104.69241,40.42427
-104.68895,40.43267
-104.64847,38.99109
-104.6311,38.94014
-104.60986,38.2626
-104.60974,38.26543
-104.60791,38.26905
-104.60687,38.97018
-104.51662,33.37132
-104.22814,32.4474
-103.86323,44.51248
-103.69799,30.34801
-103.49983,25.55391
-103.248,30.20715
-103.24258,44.08373
-103.22802,44.08106
-102.97945,41.1441
-102.1771,25.44892
-102.17235,25.4407
-102.17201,25.447
-102.10604,32.02324
-101.97303,35.85888
-101.87139,35.21152
-101.84811,33.5847
-101.83685,35.20684
-101.41269,26.94187
-101.00482,25.38017
-100.84588,37.97462
-100.79293,41.09307
-100.78724,46.80282
-100.78447,46.80569
-100.71676,25.6594
-100.36387,25.72435
-100.35083,25.71432
-100.26714,25.78938
-100.24801,25.77284
-100.24797,25.77382
-100.24657,25.70378
-100.24219,25.69279
-100.23569,25.79431
-100.22357,25.72361
-100.11326,25.6893
-99.75388,29.722
-99.73315,32.45067
-99.3184,43.77196
-99.02823,29.74097
-98.97961,32.38816
-98.76547,38.36469
-98.73465,29.80727
-98.59504,29.47819
-98.48979,29.56481
-98.3614,26.05791
-98.34688,43.31864
-98.27666,30.57102
-98.11312,32.8117
-98.10233,49.18978
-98.0891,30.19254
-98.07423,30.36661
-97.87659,30.69293
-97.87645,36.39832
-97.87102,30.57771
-97.80497,30.48107
-97.782,30.18207
-97.76248,30.21433
-97.75894,30.27134
-97.73748,30.26521
-97.7361,30.21113
-97.7308,30.21303
-97.72973,30.37943
-97.71687,30.25462
-97.71602,30.37974
-97.71188,30.25835
-97.70534,30.28685
-97.69619,30.26286
-97.69607,30.26258
-97.66945,30.27698
-97.647,30.49183
-97.59198,35.50901
-97.58419,30.48031
-97.53179,35.44767
-97.52948,35.56545
-97.52472,35.46696
-97.52446,35.46686
-97.46148,31.0574
-97.40992,30.56896
-97.38153,32.32854
-97.35082,37.68444
-97.33057,37.68407
-97.3305,37.68622
-97.32488,32.7402
-97.32479,32.74167
-97.26563,37.54757
-97.25106,32.9469
-97.22892,32.65425
-97.22816,33.0
-97.16713,29.43426
-97.16088,32.71327
-97.14208,32.56468
-97.14165,32.5628
-97.13538,31.55174
-97.10207,32.73615
-97.04639,46.88097
-97.03154,47.92561
-97.02868,47.92392
-96.99716,33.04436
-96.99304,33.04389
-96.94618,48.77451
-96.85766,33.0694
-96.84722,32.95468
-96.84584,32.80577
-96.8385,32.7329
-96.82907,32.79678
-96.82862,32.74914
-96.82576,33.08337
-96.82128,33.08998
-96.79812,32.77993
-96.79619,46.87576
-96.7894,43.54194
-96.78163,32.78072
-96.76687,32.78147
-96.75343,43.51266
-96.72725,43.54709
-96.72658,43.54363
-96.72599,32.95939
-96.72186,43.54887
-96.70032,33.01868
-96.39866,30.16447
-96.39825,42.49385
-96.35043,30.56492
-96.34298,36.66387
-96.16827,43.43125
-96.07598,41.17188
-95.99386,36.15905
-95.96605,36.15116
-95.93036,41.2532
-95.89087,41.23662
-95.88918,36.06617
-95.81417,29.78649
-95.76467,39.01497
-95.73849,41.04623
-95.70922,37.22308
-95.55075,30.34068
-95.54806,29.62785
-95.47769,30.35875
-95.46266,30.31644
-95.46053,29.80638
-95.41608,29.77598
-95.41375,29.72574
-95.41017,29.83558
-95.40782,29.82909
-95.38085,29.77121
-95.37738,29.76825
-95.37594,29.73421
-95.35594,29.74878
-95.34356,29.7491
-95.33509,29.85704
-95.26338,29.97485
-95.18356,29.39559
-95.15047,43.34554
-95.14719,45.86451
-95.13723,46.44106
-95.12623,43.40599
-95.11906,29.52687
-95.06031,46.9209
-95.04767,45.12083
-95.0077,29.48374
-94.96733,32.99645
-94.94464,45.30114
-94.77736,34.18297
-94.71425,39.00881
-94.65634,39.02272
-94.65073,39.02242
-94.60517,39.09424
-94.59901,39.07943
-94.59006,39.08623
-94.58336,39.09331
-94.58326,39.11079
-94.57993,39.09247
-94.57924,39.13952
-94.57875,39.14132
-94.57861,39.09176
-94.57861,39.0921
-94.57786,39.12611
-94.57761,39.09207
-94.57711,39.09172
-94.57675,39.09208
-94.57309,39.09251
-94.52203,46.93046
-94.41785,37.23826
-94.37181,44.88147
-94.25289,46.37747
-94.1904,36.31633
-94.16044,36.06174
-94.1569,45.55843
-94.117,36.33326
-94.04471,43.23636
-93.79563,45.30592
-93.7444,32.50673
-93.73959,45.33165
-93.72284,41.59999
-93.71585,41.56903
-93.71436,41.77099
-93.70199,41.63104
-93.66859,42.08018
-93.65642,44.86138
-93.62097,41.58536
-93.61767,41.71306
-93.59682,41.68299
-93.58824,45.31816
-93.58312,44.44146
-93.57007,38.99081
-93.52647,44.79776
-93.46592,44.90383
-93.46074,44.79402
-93.44657,44.89419
-93.41565,44.92464
-93.40993,44.92474
-93.39092,44.98625
-93.39054,45.16243
-93.38955,45.19827
-93.36445,37.13424
-93.36031,44.93325
-93.3557,45.13469
-93.34813,48.61512
-93.32168,44.92346
-93.31235,44.97875
-93.30663,45.10929
-93.3037,44.74582
-93.30142,44.74483
-93.29921,44.83045
-93.29746,37.2085
-93.29598,44.97977
-93.28161,44.99986
-93.27948,44.96894
-93.27734,44.98766
-93.27658,44.97638
-93.27632,44.9935
-93.27215,45.02359
-93.27183,45.00524
-93.27069,45.00162
-93.26932,45.40414
-93.2691,37.20413
-93.26098,45.02917
-93.25889,37.18917
-93.25311,44.97515
-93.25154,45.00338
-93.25022,45.00103
-93.24886,45.00508
-93.24773,44.97335
-93.24688,45.02131
-93.24683,44.99899
-93.24604,45.04238
-93.24437,45.00448
-93.24397,44.99175
-93.24382,44.64773
-93.243,44.64762
-93.24129,44.98948
-93.23369,44.94718
-93.23237,44.93423
-93.22136,44.99839
-93.21978,44.91998
-93.21108,44.81956
-93.2031,44.96206
-93.1978,44.96311
-93.1928,44.97011
-93.19092,44.95777
-93.18273,44.96541
-93.17974,44.45125
-93.17383,45.02454
-93.17034,44.9028
-93.16504,45.02212
-93.15234,45.89759
-93.14852,45.05198
-93.12479,44.92874
-93.10526,44.77109
-93.09357,44.95084
-93.08945,44.94707
-93.08824,44.9509
-92.97042,45.82607
-92.85186,44.74454
-92.83178,45.03911
-92.75733,44.97155
-92.70689,38.13298
-92.67841,45.12266
-92.54735,44.5626
-92.51629,39.31397
-92.51048,44.04474
-92.47825,44.03102
-92.45283,45.45104
-92.40057,38.91326
-92.3966,45.29359
-92.32357,38.95424
-92.13336,46.76106
-92.12093,46.76842
-92.09634,46.78357
-92.09381,46.78009
-92.09076,46.79242
-92.09055,46.79249
-91.92248,44.87614
-91.79804,45.75442
-91.73228,45.50205
-91.70756,41.48331
-91.67319,47.01941
-91.50914,44.81763
-91.48886,46.01055
-91.46185,44.77365
-91.45783,42.4832
-91.23584,43.83474
-91.21326,38.61387
-91.13209,30.44536
-91.09651,42.78068
-90.89236,46.58733
-90.88021,38.57059
-90.84281,46.8259
-90.81614,46.80823
-90.75502,38.80297
-90.69463,38.80697
-90.67195,40.46174
-90.51485,41.57328
-90.44638,41.55368
-90.40833,38.58104
-90.36506,38.60786
-90.31485,38.61301
-90.25806,38.59071
-90.22579,38.63793
-90.21847,38.59254
-90.17575,32.31417
-90.17046,46.45447
-90.1307,29.94824
-90.10525,29.98249
-90.10039,29.95157
-90.08339,29.96779
-90.04098,35.14106
-90.00794,29.9483
-89.99061,35.1368
-89.99048,35.12503
-89.73861,43.46698
-89.64124,42.59964
-89.63047,42.81708
-89.62284,44.95885
-89.61737,44.95136
-89.59356,40.68638
-89.59065,34.28884
-89.57572,44.53253
-89.52779,34.36802
-89.52569,44.4561
-89.51779,37.30542
-89.47833,43.01071
-89.45422,43.19176
-89.43031,37.87628
-89.38235,43.03735
-89.37063,43.08239
-89.37033,43.08242
-89.36322,40.14546
-89.36221,43.08756
-89.35107,43.10669
-89.33519,43.09507
-89.33162,37.78429
-89.2326,48.42281
-89.22079,42.91694
-89.20584,43.07732
-88.9596,42.52378
-88.91128,40.45656
-88.83896,43.84441
-88.74641,41.93014
-88.63191,42.69249
-88.56714,47.1223
-88.46178,44.18567
-88.44718,41.64264
-88.44688,41.64277
-88.43506,42.59323
-88.43047,42.12569
-88.40617,42.78495
-88.37713,46.04709
-88.31278,41.88941
-88.30986,41.89299
-88.26535,42.34669
-88.24304,42.20894
-88.24037,40.12027
-88.20994,40.11454
-88.2098,40.11453
-88.19817,41.61229
-88.18843,41.77653
-88.10944,42.18892
-88.09565,41.79832
-88.08829,45.80824
-88.07663,41.5278
-88.07476,42.20317
-88.05327,43.07564
-88.04068,41.71872
-88.04006,41.79058
-88.01911,44.52006
-88.0028,43.01043
-88.00055,41.86218
-87.99874,42.2659
-87.9943,44.45294
-87.97793,43.74778
-87.94264,43.03632
-87.93254,43.03457
-87.93142,42.17183
-87.9276,41.49369
-87.91224,43.03449
-87.91105,43.00678
-87.91104,43.00689
-87.9107,43.00672
-87.91058,43.00739
-87.90997,43.02919
-87.90805,43.03368
-87.90681,43.03648
-87.90496,42.98727
-87.90398,43.00217
-87.90088,43.08564
-87.90059,43.08407
-87.89997,43.071
-87.88088,42.36326
-87.87851,41.73237
-87.86227,41.97004
-87.85033,41.57858
-87.83715,41.80593
-87.79668,35.88454
-87.73934,41.96055
-87.70335,41.95414
-87.70206,42.04003
-87.69398,42.05625
-87.69344,41.95459
-87.6932,41.93201
-87.69079,41.9306
-87.68775,41.9173
-87.68074,41.88543
-87.67996,42.03485
-87.67899,42.03297
-87.6777,41.88689
-87.67439,41.95616
-87.67324,41.95767
-87.67217,41.88619
-87.66067,41.81061
-87.65201,41.90793
-87.64729,41.8842
-87.62496,41.89274
-87.61878,45.11942
-87.61314,46.49875
-87.51651,41.53535
-87.47222,46.54578
-87.40473,39.4596
-87.39439,46.54353
-87.39289,46.54255
-87.36027,36.52803
-87.21581,30.4161
-87.06674,41.46474
-87.06622,41.46443
-87.03875,35.60924
-87.03816,30.62203
-87.03315,35.61795
-86.97079,34.80035
-86.83601,36.15183
-86.81217,33.50695
-86.79851,36.16359
-86.78296,36.17963
-86.7824,33.52137
-86.7795,36.15038
-86.77621,36.15038
-86.77549,36.15192
-86.77065,36.14912
-86.76542,33.52756
-86.75352,36.17688
-86.74342,41.79333
-86.66659,35.95562
-86.65231,46.4097
-86.60615,30.40324
-86.57128,30.75975
-86.55653,41.94909
-86.51948,42.01321
-86.51672,37.55456
-86.47425,32.45996
-86.44537,35.57673
-86.32396,44.24915
-86.31367,32.37741
-86.30947,32.38114
-86.26668,35.82069
-86.26654,41.66516
-86.26203,39.95081
-86.25252,43.23599
-86.25083,43.18877
-86.24801,45.95046
-86.24609,35.43842
-86.2454,43.23806
-86.2326,43.0651
-86.15319,39.79767
-86.15286,39.80313
-86.14532,39.75703
-86.14476,39.8398
-86.14289,39.95688
-86.14248,39.79042
-86.1404,39.74967
-86.13828,39.9873
-86.13583,40.04948
-86.13419,39.7835
-86.12926,39.97593
-86.12504,39.76785
-86.12392,39.83965
-86.11982,40.00081
-86.09067,39.61578
-86.08453,39.87003
-86.08287,39.8756
-86.04501,39.92641
-86.04155,39.95071
-86.01515,39.95819
-86.01495,44.49941
-86.00565,34.01598
-85.99628,40.0444
-85.90519,39.21388
-85.8895,38.95863
-85.77027,42.90775
-85.76328,38.25754
-85.76077,45.02334
-85.73544,38.25448
-85.70733,38.25354
-85.67985,42.97071
-85.67943,42.95405
-85.67059,42.96238
-85.66889,41.84154
-85.65279,42.95552
-85.65272,37.9292
-85.65115,42.95547
-85.64701,42.91987
-85.64574,44.7552
-85.62029,44.76423
-85.57154,42.29508
-85.56282,42.87912
-85.55918,42.24859
-85.51643,44.88838
-85.50945,45.74986
-85.4962,40.88181
-85.46609,37.79358
-85.46289,38.33635
-85.42311,44.86326
-85.42102,35.94481
-85.38011,38.73582
-85.36943,39.93037
-85.3118,35.06392
-85.3085,35.0364
-85.30755,35.03726
-85.2718,37.58192
-85.26448,38.18931
-85.1523,41.07036
-85.14209,38.22292
-85.1028,33.61232
-85.05623,41.36837
-84.98538,32.47346
-84.98366,29.72748
-84.86125,39.09889
-84.85233,38.27371
-84.84564,38.14663
-84.70707,39.12653
-84.67544,45.02758
-84.67524,45.02758
-84.61514,34.0211
-84.61509,34.02557
-84.59377,34.02166
-84.58884,33.39007
-84.56382,39.40091
-84.5225,33.9507
-84.52006,38.05658
-84.52,38.05656
-84.51918,34.09902
-84.5041,33.87794
-84.49784,33.92701
-84.49532,34.2345
-84.49404,39.09011
-84.49193,38.05942
-84.48974,39.12606
-84.47234,39.14636
-84.45027,42.74846
-84.42258,33.98794
-84.41822,33.7299
-84.39651,33.75166
-84.39147,38.97043
-84.38211,33.80934
-84.37228,34.98895
-84.36191,34.02368
-84.34488,33.73998
-84.34467,33.99182
-84.34286,33.92085
-84.33726,35.74351
-84.30017,33.77474
-84.29714,39.17225
-84.29061,30.43528
-84.28658,30.43392
-84.28516,33.77263
-84.28131,30.45658
-84.27851,39.37761
-84.23364,33.9556
-84.22691,33.94098
-84.21285,33.94206
-84.18393,39.75726
-84.18133,39.76346
-84.16264,39.60893
-84.15179,39.70343
-84.14505,34.19749
-84.14495,34.00285
-84.14435,34.00333
-84.14095,35.95529
-84.11437,35.90489
-84.09598,36.94621
-84.03451,34.1072
-84.02082,42.31659
-84.01565,35.93168
-83.98172,30.83626
-83.97445,35.7598
-83.92383,35.97788
-83.92241,35.9744
-83.92028,35.97474
-83.92015,35.96946
-83.91467,35.97483
-83.9146,35.97591
-83.91058,43.61929
-83.90355,35.95935
-83.89673,35.96035
-83.89002,35.94242
-83.87419,41.44513
-83.86821,41.48878
-83.81313,35.19907
-83.76108,34.10929
-83.74964,42.28082
-83.73994,43.32319
-83.72259,35.67878
-83.70288,41.71695
-83.64786,41.03763
-83.61475,42.24183
-83.60999,42.25016
-83.57025,35.80667
-83.56728,41.75261
-83.52048,35.70747
-83.51028,35.71494
-83.48302,42.43485
-83.44628,35.43115
-83.40689,35.7427
-83.40263,34.87835
-83.39819,33.91345
-83.38422,35.18078
-83.35975,42.50031
-83.32191,36.84693
-83.23993,42.7853
-83.17097,42.31645
-83.14645,35.81904
-83.13357,42.46174
-83.12743,42.468
-83.12742,42.46799
-83.11358,42.45699
-83.09202,39.88374
-83.07813,39.96827
-83.07401,40.16353
-83.06929,39.96759
-83.06797,40.29899
-83.06694,39.96697
-83.06523,42.35128
-83.05293,39.98528
-83.03881,42.34672
-83.0381,42.34638
-83.01849,42.33729
-83.01407,40.02249
-83.00295,40.19975
-82.99743,39.96729
-82.99165,40.14272
-82.97526,42.49283
-82.9548,40.15143
-82.94165,42.38598
-82.93115,40.12525
-82.9065,42.44457
-82.79,28.01621
-82.78904,28.01469
-82.7844,28.01343
-82.78275,28.01529
-82.7632,27.89562
-82.73561,27.87063
-82.72944,27.84529
-82.71882,28.25003
-82.69393,27.9905
-82.69388,27.87819
-82.64103,27.77189
-82.63871,39.05263
-82.59987,28.57793
-82.5841,35.57866
-82.58392,28.89281
-82.5664,35.58625
-82.56603,35.57742
-82.56582,35.58296
-82.56319,35.58778
-82.55358,35.59688
-82.55229,35.59482
-82.51411,40.76191
-82.51238,27.59964
-82.48611,40.3938
-82.45905,27.99211
-82.45624,27.48844
-82.45147,27.98625
-82.44261,34.96703
-82.44162,27.96135
-82.40732,42.9706
-82.3612,35.60773
-82.35875,35.6082
-82.35688,42.9804
-82.3567,35.60661
-82.31665,40.86859
-82.22494,41.398
-82.22332,40.15257
-82.18934,28.36649
-82.18925,28.36396
-82.18153,35.62637
-82.16716,41.467
-82.15721,36.2849
-82.09829,41.36876
-82.03554,35.71229
-82.02911,26.94192
-82.02007,34.98383
-81.98851,35.05247
-81.95532,28.04328
-81.93457,40.79949
-81.93403,40.79761
-81.9243,45.97655
-81.90571,35.75927
-81.86921,41.13635
-81.86426,36.16608
-81.86373,41.14045
-81.84038,27.89588
-81.81713,28.73859
-81.81396,26.568
-81.79464,35.53848
-81.78909,36.63497
-81.789,36.63494
-81.78764,28.06562
-81.77985,32.44822
-81.77673,41.47573
-81.74298,26.56168
-81.71978,26.27245
-81.71351,30.30848
-81.70277,41.48621
-81.69137,41.49132
-81.68278,43.57756
-81.68192,35.74222
-81.64492,41.50525
-81.63466,38.35123
-81.55807,39.26719
-81.55708,30.2008
-81.52194,40.79864
-81.49474,31.14804
-81.49148,36.39942
-81.46306,41.05214
-81.45914,30.66711
-81.45439,39.41269
-81.45008,34.0208
-81.4492,26.7612
-81.43945,26.32381
-81.4337,43.73004
-81.41896,40.86067
-81.38683,44.43807
-81.37502,48.47303
-81.37275,41.13878
-81.35215,28.54538
-81.32548,35.73548
-81.31871,29.88945
-81.31314,29.89736
-81.29893,29.89171
-81.29828,28.93637
-81.28762,28.24876
-81.28269,28.24719
-81.2689,28.81095
-81.25553,42.94179
-81.2519,42.98356
-81.25102,42.98992
-81.22904,33.97729
-81.21752,42.99828
-81.19103,29.57071
-81.18737,34.08978
-81.13134,43.27179
-81.11179,32.087
-81.08049,36.95139
-81.06116,29.27463
-81.05188,34.00114
-81.04123,33.99935
-81.02939,46.46547
-81.02494,34.9305
-81.00185,33.97658
-80.99574,35.04786
-80.98472,43.36977
-80.98403,43.36343
-80.98367,43.36356
-80.95018,36.37792
-80.8892,35.57619
-80.88084,35.18555
-80.87797,35.18667
-80.87385,35.23416
-80.86918,35.20052
-80.86587,35.58653
-80.85703,35.21697
-80.8336,35.24587
-80.82779,35.23387
-80.82109,35.225
-80.80609,35.24887
-80.80157,41.89822
-80.72888,28.35564
-80.72713,28.35559
-80.71097,43.3784
-80.6474,41.02155
-80.61182,28.39908
-80.60909,36.50066
-80.60908,28.32136
-80.60884,36.50088
-80.57728,37.13179
-80.57554,37.13442
-80.56161,43.57966
-80.55276,43.54025
-80.55072,34.98046
-80.52865,43.51263
-80.51421,43.451
-80.48462,43.43646
-80.48022,43.44086
-80.46864,43.44577
-80.46731,27.81219
-80.43054,43.6821
-80.40682,37.13075
-80.36739,40.42738
-80.31692,25.7321
-80.31392,25.82006
-80.30609,43.53378
-80.30442,43.53435
-80.26201,43.53562
-80.25916,36.10393
-80.24813,44.49831
-80.2317,44.50176
-80.22499,43.55229
-80.18935,25.8323
-80.1822,44.49126
-80.17758,42.09243
-80.17081,25.88829
-80.1629,40.51684
-80.15548,41.63673
-80.14534,42.1012
-80.13734,43.70114
-80.13114,26.17435
-80.12904,26.08373
-80.12056,40.55309
-80.11763,42.11437
-80.11479,26.88959
-80.11246,42.88427
-80.11013,26.40381
-80.09057,42.12057
-80.08424,26.95899
-80.08401,42.12303
-80.07453,26.5565
-80.07413,42.04256
-80.07074,41.0586
-80.06616,40.31166
-80.06481,26.69743
-80.06454,26.69817
-80.0643,26.7
-80.06395,26.84374
-80.05537,26.69721
-80.00902,41.16799
-80.00245,32.85271
-80.00046,40.45426
-79.99869,32.8131
-79.98291,32.87079
-79.9724,32.87357
-79.972,40.47875
-79.96789,42.11872
-79.95996,39.633
-79.95832,43.26643
-79.95769,43.26566
-79.95376,40.48159
-79.95321,40.46406
-79.95162,32.81556
-79.94496,32.80713
-79.92633,40.49619
-79.91177,40.45925
-79.90971,32.90367
-79.86083,40.49373
-79.83235,37.99976
-79.83069,41.39795
-79.805,43.3431
-79.80447,36.08449
-79.79842,43.36834
-79.79166,36.06594
-79.77678,36.09947
-79.76827,43.2427
-79.76678,40.21321
-79.76106,40.34245
-79.75531,36.50308
-79.72406,40.3113
-79.72272,37.1185
-79.71027,40.33316
-79.59329,43.54963
-79.56577,39.58905
-79.56198,43.57312
-79.54681,39.44416
-79.54211,43.75366
-79.5381,43.82015
-79.5185,37.33576
-79.49022,43.81697
-79.48983,46.32971
-79.48332,43.66989
-79.47899,43.67269
-79.47868,43.67347
-79.47004,35.19939
-79.4691,39.12731
-79.46906,39.12723
-79.4674,35.73166
-79.46456,43.67078
-79.4466,43.66171
-79.44571,43.18908
-79.44543,43.65376
-79.43967,43.65068
-79.43684,46.30921
-79.43424,43.64593
-79.42704,35.13066
-79.42587,43.65385
-79.41706,43.63827
-79.41521,43.66053
-79.40735,43.65191
-79.39825,37.81392
-79.39323,42.15957
-79.38676,43.64736
-79.38367,41.21497
-79.36915,43.64493
-79.34938,42.08886
-79.3304,43.67373
-79.32906,43.6618
-79.32029,44.99899
-79.31934,43.67249
-79.31688,43.7101
-79.31207,43.71233
-79.29995,43.68376
-79.26658,43.20223
-79.26655,43.96235
-79.25391,35.95132
-79.17796,35.72021
-79.16308,40.59474
-79.14845,41.84502
-79.1471,41.84289
-79.12356,43.10738
-79.07729,39.76013
-79.07456,38.14758
-79.07423,38.14748
-79.07354,43.09103
-79.07328,43.09094
-79.06358,35.90945
-79.04113,35.31139
-79.03333,36.68519
-78.96078,43.95797
-78.95572,39.92619
-78.95281,35.96717
-78.94386,37.71035
-78.93886,38.08673
-78.92826,39.65774
-78.92823,39.65773
-78.92377,35.97432
-78.90405,36.00255
-78.90164,36.00137
-78.89961,42.91816
-78.89959,42.91843
-78.89955,42.9186
-78.89942,35.99102
-78.89934,42.91809
-78.8982,35.89011
-78.8982,36.0012
-78.89285,40.08423
-78.89003,35.99155
-78.88988,42.95625
-78.87728,42.91039
-78.87455,42.87537
-78.87324,38.06364
-78.87297,42.89551
-78.87158,42.86956
-78.87094,42.88803
-78.87072,38.45196
-78.86866,42.86988
-78.8655,38.44876
-78.86342,37.78282
-78.86096,42.86619
-78.86051,42.86612
-78.85963,42.86592
-78.85814,42.87826
-78.85671,42.87737
-78.85155,42.86973
-78.84552,42.87499
-78.844,35.74618
-78.84278,43.06203
-78.84251,43.0611
-78.8332,37.36523
-78.82677,42.86944
-78.82516,43.29852
-78.82187,38.01601
-78.79864,35.58324
-78.79527,35.59537
-78.77777,35.78809
-78.7678,35.77692
-78.74647,42.78192
-78.74522,33.80054
-78.73801,44.53665
-78.72342,44.92687
-78.72008,38.3667
-78.70547,26.53623
-78.70219,38.38681
-78.68751,35.79312
-78.66361,38.84152
-78.65336,35.77969
-78.64805,41.95248
-78.63812,35.77746
-78.63668,42.97255
-78.63268,35.80403
-78.61776,35.81029
-78.61409,35.80534
-78.61401,35.82163
-78.60824,42.76853
-78.58853,34.60589
-78.55342,35.60664
-78.54871,35.38082
-78.5361,38.57311
-78.52864,38.05142
-78.51007,35.97749
-78.50929,35.95134
-78.49075,38.03801
-78.49057,38.03907
-78.48604,38.01829
-78.48469,35.34699
-78.48242,38.03119
-78.48213,38.02597
-78.48202,38.02612
-78.46656,35.65918
-78.45982,38.02209
-78.45629,36.10397
-78.43836,41.02562
-78.39502,37.30412
-78.36999,35.78122
-78.36394,38.98996
-78.36037,38.98899
-78.34902,44.27789
-78.34118,44.27526
-78.30941,44.30614
-78.28323,38.49269
-78.28287,38.17353
-78.2254,38.658
-78.21967,38.99574
-78.1638,39.18628
-78.15613,36.40874
-78.0019,42.7181
-77.93955,43.2167
-77.93034,35.95002
-77.9244,38.62805
-77.91215,35.7229
-77.86082,39.28864
-77.82815,40.81071
-77.82464,39.12064
-77.82304,38.08547
-77.8203,42.16929
-77.80185,35.95925
-77.80167,35.95927
-77.79474,38.7133
-77.77762,40.90161
-77.75612,38.96957
-77.73825,38.96765
-77.72032,39.144
-77.71958,39.64476
-77.70387,39.13773
-77.68811,39.27071
-77.67571,38.74396
-77.67065,39.20034
-77.62021,43.17249
-77.61205,43.14242
-77.60791,37.59776
-77.60422,42.31652
-77.60234,43.25457
-77.60195,43.15059
-77.60194,43.15057
-77.59685,38.79023
-77.58595,43.14964
-77.58344,43.1613
-77.56911,43.15636
-77.56637,43.15043
-77.56608,43.15035
-77.56349,39.11367
-77.55201,37.38782
-77.5415,39.10866
-77.53796,39.22338
-77.52178,38.74276
-77.513,43.09201
-77.50291,42.77012
-77.50039,38.74083
-77.49929,38.96297
-77.4901,38.75413
-77.48305,37.58616
-77.47469,37.57141
-77.47288,37.57004
-77.47227,37.56446
-77.47066,37.61525
-77.46853,37.5698
-77.46386,39.0569
-77.46271,37.56662
-77.4591,37.56405
-77.45829,37.56221
-77.44552,37.54159
-77.44474,38.88328
-77.44471,43.10517
-77.44204,37.52598
-77.43773,38.89236
-77.43766,34.52289
-77.43491,37.57175
-77.43169,37.5329
-77.42604,37.53139
-77.42515,37.53078
-77.42286,38.99446
-77.41317,42.98232
-77.41121,42.98311
-77.40383,39.41352
-77.40372,39.41311
-77.40314,39.412
-77.40276,39.41198
-77.40138,39.41663
-77.39916,39.44022
-77.39899,39.44032
-77.39895,39.16604
-77.39121,39.40928
-77.3733,35.61152
-77.35671,38.95963
-77.33106,25.07594
-77.31977,42.33373
-77.27055,38.90775
-77.26986,42.8758
-77.22833,38.86658
-77.20122,39.2248
-77.19596,39.14054
-77.18905,40.19821
-77.18859,40.20393
-77.17699,38.88627
-77.16362,45.84243
-77.15528,39.64676
-77.14413,39.25708
-77.14157,45.70612
-77.13994,44.03615
-77.13871,39.09821
-77.13825,38.80417
-77.12968,38.71346
-77.12816,42.48674
-77.11366,38.80485
-77.10068,39.17642
-77.09836,38.9906
-77.07349,45.91103
-77.0633,38.79878
-77.05533,42.65842
-77.05517,42.66183
-77.05349,42.14311
-77.04528,41.23194
-77.02734,38.88098
-77.00244,38.90548
-77.00086,38.91387
-76.99771,38.90954
-76.98393,38.91409
-76.98174,38.92615
-76.98131,38.91485
-76.9602,38.92972
-76.94075,38.95235
-76.89123,40.27138
-76.88679,45.63361
-76.88667,45.63351
-76.87287,42.52057
-76.85934,42.57185
-76.84416,39.17331
-76.83463,39.17448
-76.83373,39.17457
-76.83276,40.16593
-76.82766,38.09503
-76.82678,42.12864
-76.82326,39.12396
-76.82309,39.22941
-76.81215,42.18336
-76.79385,39.12464
-76.79361,42.18977
-76.77411,45.7252
-76.77399,45.72507
-76.73095,38.88583
-76.72169,45.30002
-76.69871,42.60867
-76.68546,39.02773
-76.66542,34.71795
-76.66214,39.48297
-76.65607,40.28364
-76.64477,39.33664
-76.64137,39.33146
-76.63712,39.45131
-76.63536,38.29232
-76.63525,39.33149
-76.62977,39.2795
-76.62706,39.27584
-76.61847,40.96245
-76.60175,39.89686
-76.5974,39.26875
-76.59478,45.72562
-76.56824,42.93177
-76.56492,42.18735
-76.56248,39.28389
-76.55791,37.96873
-76.5314,38.70843
-76.5252,42.39416
-76.48125,44.22922
-76.47703,37.08455
-76.46609,36.18989
-76.44331,42.96566
-76.4028,37.08419
-76.39445,37.09992
-76.35861,39.5688
-76.30354,40.15809
-76.29548,36.87174
-76.24747,45.41014
-76.24618,44.90144
-76.23481,39.13766
-76.22821,43.50169
-76.19711,43.09556
-76.19586,40.17811
-76.19151,36.92692
-76.18121,40.18145
-76.18075,45.23519
-76.17962,42.59957
-76.17439,43.06349
-76.16641,39.98224
-76.16159,43.05108
-76.15621,43.05079
-76.14864,45.14137
-76.1408,45.13684
-76.13456,36.84322
-76.13393,38.97645
-76.13169,43.0123
-76.12939,36.84447
-76.09808,43.07011
-76.09138,43.16554
-76.06043,36.7881
-76.0352,45.34428
-76.01822,37.26696
-76.01539,44.88245
-76.00624,36.77655
-75.98104,36.8376
-75.98083,36.86038
-75.94062,41.22251
-75.91806,44.33599
-75.90355,45.27728
-75.90254,45.34139
-75.90217,45.33947
-75.89204,44.47878
-75.88752,44.48022
-75.86621,42.91936
-75.85748,41.25511
-75.85664,40.07845
-75.84904,45.39493
-75.84413,45.31779
-75.83997,45.31899
-75.83009,39.99239
-75.82612,39.82174
-75.81948,45.33014
-75.78561,45.50532
-75.76971,39.61149
-75.74167,40.86393
-75.72263,45.40543
-75.71844,45.40773
-75.71565,45.34219
-75.70736,45.34333
-75.70709,45.41078
-75.69981,45.47892
-75.69863,39.6913
-75.69216,45.42871
-75.6916,45.45627
-75.67385,39.80886
-75.67017,45.37621
-75.66776,40.26425
-75.65005,45.44783
-75.63234,45.4066
-75.62609,45.40566
-75.60848,39.29943
-75.58569,45.4572
-75.57572,38.40807
-75.52079,40.13297
-75.51945,40.13092
-75.5125,40.13414
-75.51122,40.13494
-75.49001,45.45973
-75.48781,44.72388
-75.48434,45.48973
-75.48243,45.4912
-75.47319,40.59361
-75.42862,40.62729
-75.42788,39.6173
-75.4068,45.51758
-75.34142,40.11353
-75.34116,40.58097
-75.28933,45.27159
-75.22773,40.69769
-75.22695,40.69767
-75.22635,40.69808
-75.22583,40.67326
-75.22508,39.8147
-75.22345,43.1036
-75.21899,40.02256
-75.21893,40.02232
-75.21692,40.035
-75.2104,40.69144
-75.20269,40.07416
-75.20085,40.01368
-75.20007,40.69713
-75.19586,41.37219
-75.19267,40.06321
-75.19035,40.0592
-75.19007,39.93834
-75.18742,38.75212
-75.18174,40.04463
-75.18085,39.97435
-75.17464,39.92661
-75.16171,40.02304
-75.16023,39.9327
-75.15555,39.9603
-75.14723,39.96064
-75.14065,39.97371
-75.14003,39.97458
-75.13974,39.97366
-75.13748,39.984
-75.13709,39.97658
-75.1358,39.96245
-75.13546,39.71297
-75.13539,39.96564
-75.135,39.97073
-75.13431,39.96964
-75.12863,39.73197
-75.12749,39.98251
-75.12724,39.98267
-75.11311,39.70338
-75.11158,41.01066
-75.1099,40.00163
-75.1086,39.99284
-75.09803,39.83011
-75.08719,45.31259
-75.07141,39.9169
-75.03256,39.89788
-75.0321,40.34818
-74.97005,43.71492
-74.91265,39.00272
-74.86991,39.02057
-74.83133,40.85429
-74.82985,40.8539
-74.82371,39.89913
-74.82344,39.90185
-74.82312,39.90273
-74.81506,38.99031
-74.80671,39.63292
-74.8031,39.63701
-74.80079,39.99163
-74.80015,41.31888
-74.77749,40.85717
-74.7497,40.30292
-74.73948,45.01952
-74.71376,40.1486
-74.62782,40.49731
-74.55406,39.40443
-74.54811,45.36996
-74.46591,44.22331
-74.42643,39.3599
-74.42319,39.36822
-74.42304,39.36826
-74.37026,41.46215
-74.3661,40.49853
-74.3593,41.3365
-74.34414,39.61619
-74.34031,45.97191
-74.33646,45.65687
-74.33491,42.59823
-74.31826,45.4861
-74.30738,42.06285
-74.28781,40.72105
-74.26415,43.10443
-74.25204,45.53567
-74.24673,41.80431
-74.24354,39.68942
-74.22811,40.40157
-74.21665,43.05042
-74.19865,39.80043
-74.19754,39.95319
-74.17466,40.72355
-74.11672,45.25769
-74.10832,40.07426
-74.09991,41.37925
-74.07821,40.23639
-74.07742,40.6364
-74.07555,40.63715
-74.06655,42.89284
-74.05458,42.42074
-74.05174,45.40417
-74.03018,40.99266
-74.01883,40.67729
-74.01681,42.72065
-74.01537,40.71113
-74.01528,40.67734
-74.01194,40.67395
-74.01009,40.67372
-74.008,41.49737
-74.00732,40.65762
-73.99781,40.66598
-73.98753,40.70052
-73.98409,40.6769
-73.9836,40.67854
-73.98215,40.67981
-73.98099,41.50821
-73.9787,40.75767
-73.97857,40.69942
-73.97293,42.65522
-73.97106,40.69894
-73.96958,41.50525
-73.96889,44.2646
-73.96495,42.70392
-73.95874,41.78475
-73.95792,40.71445
-73.95495,40.7472
-73.95264,40.74011
-73.95154,40.74649
-73.9515,40.73634
-73.95109,40.73611
-73.94873,40.71855
-73.94628,41.51695
-73.94313,42.81677
-73.93652,40.71438
-73.93311,42.82475
-73.93216,41.70488
-73.93097,40.70352
-73.92639,42.40466
-73.92362,40.70603
-73.92279,40.71051
-73.91163,41.59606
-73.90423,45.01552
-73.90407,40.69494
-73.90403,40.69622
-73.90293,40.93457
-73.90276,40.69374
-73.87945,41.86286
-73.87326,40.70668
-73.87289,42.2167
-73.86377,41.1585
-73.84434,40.75696
-73.83187,42.62346
-73.81903,40.95496
-73.81457,43.0601
-73.81441,43.06022
-73.8141,41.0703
-73.79804,42.2516
-73.79285,42.90151
-73.79285,42.90244
-73.79055,42.96477
-73.78716,43.05521
-73.78587,45.47803
-73.78483,43.08381
-73.78161,42.24811
-73.78052,42.67563
-73.76368,41.02981
-73.76142,40.69647
-73.75726,42.77394
-73.74773,42.65407
-73.74363,42.66178
-73.73894,40.95227
-73.73717,40.95135
-73.72894,45.33635
-73.71136,42.903
-73.6879,42.73586
-73.68611,42.43535
-73.66016,42.6102
-73.65435,40.62491
-73.65263,40.62891
-73.59529,42.3633
-73.59092,45.46841
-73.58645,43.26856
-73.58335,43.09721
-73.57394,45.95366
-73.56966,45.5383
-73.56531,45.54186
-73.5638,45.50941
-73.55796,45.48824
-73.55249,45.48093
-73.5506,45.37903
-73.54994,41.03941
-73.54747,45.48855
-73.52825,40.67089
-73.52823,40.67085
-73.51909,41.07718
-73.50881,46.13876
-73.50265,43.41322
-73.49696,43.08776
-73.48808,45.75998
-73.48654,41.37661
-73.46299,45.431
-73.45487,45.59519
-73.45287,44.69917
-73.45086,44.18834
-73.44735,44.68317
-73.44474,41.27334
-73.4442,44.68087
-73.42088,41.09121
-73.41928,46.06172
-73.38078,42.63331
-73.35292,42.09717
-73.35086,40.8999
-73.34352,42.92511
-73.33542,45.59379
-73.32704,45.57564
-73.30709,45.22411
-73.26353,40.76089
-73.25304,42.44939
-73.24606,44.50682
-73.24536,44.17711
-73.23256,44.36622
-73.22003,44.47931
-73.21441,44.47076
-73.2138,44.45973
-73.19906,45.56962
-73.19832,42.87987
-73.19733,42.87768
-73.19702,42.87846
-73.1927,44.49062
-73.16993,44.03539
-73.16574,45.53435
-73.15249,41.33344
-73.15173,42.69833
-73.14924,46.45095
-73.14891,43.99983
-73.12133,41.47312
-73.0997,43.8963
-73.09909,41.3262
-73.08177,44.8145
-73.08104,41.58715
-73.05714,43.17609
-73.01984,41.23738
-73.00891,41.77696
-73.00156,44.39896
-72.98355,45.63493
-72.90706,41.32205
-72.90205,41.56792
-72.90039,41.30284
-72.88495,41.55062
-72.88228,41.60138
-72.8743,41.28873
-72.86987,42.86927
-72.86809,41.66632
-72.82906,44.64519
-72.81934,41.47874
-72.81834,41.4719
-72.78272,41.66316
-72.75729,45.39252
-72.75627,44.33706
-72.74682,42.1101
-72.7411,42.60441
-72.72746,45.39729
-72.72296,42.1559
-72.71556,44.47599
-72.70225,41.75706
-72.66371,41.75542
-72.66211,40.91912
-72.66188,40.91918
-72.66115,42.27341
-72.65953,43.58847
-72.65933,42.27441
-72.65812,41.57205
-72.65735,41.57163
-72.65587,44.14894
-72.65426,41.56545
-72.64189,41.57002
-72.64016,42.28127
-72.61487,45.10625
-72.60989,42.48998
-72.60932,42.4787
-72.60574,44.58855
-72.59167,41.95012
-72.58637,46.35723
-72.57742,46.41193
-72.57211,45.38312
-72.54493,45.88262
-72.53097,41.56796
-72.52009,41.77083
-72.51236,46.33247
-72.51039,43.96538
-72.48709,43.30152
-72.47554,42.15463
-72.47147,41.55914
-72.44557,48.65251
-72.44481,48.65201
-72.43308,41.45696
-72.38611,41.56854
-72.37114,41.30259
-72.32652,41.57967
-72.30586,41.95318
-72.27177,44.93484
-72.24551,41.32107
-72.21467,46.55918
-72.20373,41.90521
-72.18462,43.40607
-72.15548,45.26527
-72.1523,45.26776
-72.13647,46.65802
-72.12401,41.36713
-72.09533,41.3527
-72.08187,43.38519
-72.07512,41.36102
-72.04655,41.34138
-72.01909,45.5629
-72.01724,44.41826
-72.01593,44.41848
-71.99624,41.85843
-71.95504,46.05692
-71.95391,41.39902
-71.95032,42.87559
-71.89833,41.33805
-71.85545,45.36601
-71.83303,41.37036
-71.82564,42.25457
-71.81532,42.24158
-71.80107,42.2876
-71.79123,42.2635
-71.78175,46.20787
-71.78013,48.49071
-71.77828,42.2689
-71.77285,44.30592
-71.77182,44.30674
-71.7183,42.27639
-71.66312,42.46311
-71.64605,42.098
-71.64573,43.44485
-71.60583,46.83801
-71.56931,44.48827
-71.56666,42.39095
-71.55893,42.39263
-71.54737,42.34636
-71.53505,43.20601
-71.51331,42.34869
-71.50698,44.89705
-71.50531,41.45451
-71.49232,42.14151
-71.46516,42.98642
-71.46329,42.9902
-71.45881,42.99999
-71.45279,42.43218
-71.44579,41.72708
-71.43376,41.82678
-71.43309,41.8264
-71.42589,41.80924
-71.39571,42.91479
-71.38921,41.87706
-71.34189,43.32612
-71.33763,42.89889
-71.32814,42.19351
-71.32801,42.19385
-71.28998,46.71126
-71.26753,42.09265
-71.25027,43.22336
-71.22658,46.82142
-71.22178,46.80918
-71.20502,42.59169
-71.20109,42.3875
-71.14794,42.3557
-71.13363,42.42041
-71.13011,42.28691
-71.10624,42.38198
-71.10324,42.07148
-71.09793,42.36797
-71.09793,42.38116
-71.0912,42.3748
-71.08925,42.37483
-71.07466,42.42432
-71.06862,42.42653
-71.06799,42.40595
-71.06712,42.45253
-71.06258,42.32216
-71.06206,42.35511
-71.05165,42.40254
-71.04852,42.35264
-71.04805,42.34988
-71.04749,42.35215
-71.03397,42.34727
-71.03279,42.36424
-71.02494,42.36414
-70.99435,42.39703
-70.96135,42.55367
-70.9569,42.45639
-70.93681,43.08113
-70.9031,43.25762
-70.90267,48.45007
-70.89588,42.51333
-70.895,42.52264
-70.8908,42.51967
-70.88469,42.54482
-70.88438,42.54941
-70.88386,42.54933
-70.88157,43.22988
-70.87431,43.19982
-70.87383,43.1976
-70.8708,43.19491
-70.86463,43.26603
-70.86403,43.26146
-70.83599,42.6695
-70.83149,42.95229
-70.81869,43.11508
-70.78902,46.48417
-70.77529,43.06784
-70.7688,43.07261
-70.73354,43.11162
-70.71118,41.94937
-70.66581,43.1503
-70.66203,41.95495
-70.54248,41.57919
-70.52738,41.3942
-70.49591,41.65851
-70.45269,43.493
-70.45268,43.49288
-70.32944,43.62882
-70.3203,43.70303
-70.32021,43.70275
-70.3202,43.703
-70.31999,43.7029
-70.31911,43.70266
-70.31785,43.7031
-70.29032,43.65152
-70.28383,43.65258
-70.26488,43.65956
-70.25772,43.66525
-70.25722,43.66551
-70.25671,43.66665
-70.2561,43.66921
-70.25604,43.66753
-70.25596,43.6704
-70.25586,43.67007
-70.25346,43.65627
-70.25167,43.66525
-70.25118,43.66497
-70.25073,43.65918
-70.22456,44.09721
-70.21987,44.09513
-70.13141,41.26342
-70.13115,41.26338
-70.07811,42.02978
-69.99906,47.45393
-69.99187,44.1816
-69.79029,44.28633
-69.77585,44.25871
-69.66741,44.33929
-69.56405,44.08317
-69.43726,47.91553
-69.00536,44.42886
-69.00536,44.42898
-68.66146,44.38067
-68.64786,47.72694
-68.46791,48.51535
-68.33364,44.39962
-68.32709,47.36633
-68.20597,44.38969
-68.19145,49.2262
-67.24188,45.97304
